,player_name,firstname,surname,firstname_lower,surname_lower,firstname_upper,surname_upper
0,Aaron Connolly,Aaron,Connolly,aaron,connolly,AARON,CONNOLLY
1,Aaron Cresswell,Aaron,Cresswell,aaron,cresswell,AARON,CRESSWELL
2,Aaron Mooy,Aaron,Mooy,aaron,mooy,AARON,MOOY
3,Aaron Ramsdale,Aaron,Ramsdale,aaron,ramsdale,AARON,RAMSDALE
4,Abdoulaye Doucouré,Abdoulaye,Doucouré,abdoulaye,doucouré,ABDOULAYE,DOUCOURÉ
5,Aboubakar Kamara,Aboubakar,Kamara,aboubakar,kamara,ABOUBAKAR,KAMARA
6,Adama Traoré,Adama,Traoré,adama,traoré,ADAMA,TRAORÉ
7,Adam Forshaw,Adam,Forshaw,adam,forshaw,ADAM,FORSHAW
8,Adam Lallana,Adam,Lallana,adam,lallana,ADAM,LALLANA
9,Adam Webster,Adam,Webster,adam,webster,ADAM,WEBSTER
10,Adrien Silva,Adrien,Silva,adrien,silva,ADRIEN,SILVA
11,Adrián San Miguel del Castillo,Adrián,San,adrián,san,ADRIÁN,SAN
12,Ahmed El-Sayed Hegazy,Ahmed,El-Sayed,ahmed,el-sayed,AHMED,EL-SAYED
13,Ainsley Maitland-Niles,Ainsley,Maitland-Niles,ainsley,maitland-niles,AINSLEY,MAITLAND-NILES
14,Albian Ajeti,Albian,Ajeti,albian,ajeti,ALBIAN,AJETI
15,Aleksandar Mitrović,Aleksandar,Mitrović,aleksandar,mitrović,ALEKSANDAR,MITROVIĆ
16,Alexandre Lacazette,Alexandre,Lacazette,alexandre,lacazette,ALEXANDRE,LACAZETTE
17,Alexis Mac Allister,Alexis,Mac,alexis,mac,ALEXIS,MAC
18,Alex Iwobi,Alex,Iwobi,alex,iwobi,ALEX,IWOBI
19,Alex McCarthy,Alex,McCarthy,alex,mccarthy,ALEX,MCCARTHY
20,Alex Oxlade-Chamberlain,Alex,Oxlade-Chamberlain,alex,oxlade-chamberlain,ALEX,OXLADE-CHAMBERLAIN
21,Alfie Mawson,Alfie,Mawson,alfie,mawson,ALFIE,MAWSON
22,Alireza Jahanbakhsh,Alireza,Jahanbakhsh,alireza,jahanbakhsh,ALIREZA,JAHANBAKHSH
23,Alisson Ramses Becker,Alisson,Ramses,alisson,ramses,ALISSON,RAMSES
24,Allan Marques Loureiro,Allan,Marques,allan,marques,ALLAN,MARQUES
25,Allan Saint-Maximin,Allan,Saint-Maximin,allan,saint-maximin,ALLAN,SAINT-MAXIMIN
26,Alphonse Areola,Alphonse,Areola,alphonse,areola,ALPHONSE,AREOLA
27,Andreas Christensen,Andreas,Christensen,andreas,christensen,ANDREAS,CHRISTENSEN
28,Andrew Robertson,Andrew,Robertson,andrew,robertson,ANDREW,ROBERTSON
29,Andriy Yarmolenko,Andriy,Yarmolenko,andriy,yarmolenko,ANDRIY,YARMOLENKO
30,Andros Townsend,Andros,Townsend,andros,townsend,ANDROS,TOWNSEND
31,André Filipe Tavares Gomes,André,Filipe,andré,filipe,ANDRÉ,FILIPE
32,André-Frank Zambo Anguissa,André-Frank,Zambo,andré-frank,zambo,ANDRÉ-FRANK,ZAMBO
33,Andy Carroll,Andy,Carroll,andy,carroll,ANDY,CARROLL
34,Angelo Ogbonna,Angelo,Ogbonna,angelo,ogbonna,ANGELO,OGBONNA
35,Angus Gunn,Angus,Gunn,angus,gunn,ANGUS,GUNN
36,Anthony Gordon,Anthony,Gordon,anthony,gordon,ANTHONY,GORDON
37,Anthony Knockaert,Anthony,Knockaert,anthony,knockaert,ANTHONY,KNOCKAERT
38,Antonee Robinson,Antonee,Robinson,antonee,robinson,ANTONEE,ROBINSON
39,Antonio Rüdiger,Antonio,Rüdiger,antonio,rüdiger,ANTONIO,RÜDIGER
40,Arthur Masuaku,Arthur,Masuaku,arthur,masuaku,ARTHUR,MASUAKU
41,Ayoze Pérez,Ayoze,Pérez,ayoze,pérez,AYOZE,PÉREZ
42,Bamidele Alli,Bamidele,Alli,bamidele,alli,BAMIDELE,ALLI
43,Barry Douglas,Barry,Douglas,barry,douglas,BARRY,DOUGLAS
44,Benjamin Chilwell,Benjamin,Chilwell,benjamin,chilwell,BENJAMIN,CHILWELL
45,Ben Davies,Ben,Davies,ben,davies,BEN,DAVIES
46,Ben Johnson,Ben,Johnson,ben,johnson,BEN,JOHNSON
47,Ben Osborn,Ben,Osborn,ben,osborn,BEN,OSBORN
48,Ben White,Ben,White,ben,white,BEN,WHITE
49,Bernardo Fernandes da Silva Junior,Bernardo,Fernandes,bernardo,fernandes,BERNARDO,FERNANDES
50,Bernard Anício Caldeira Duarte,Bernard,Anício,bernard,anício,BERNARD,ANÍCIO
51,Bernd Leno,Bernd,Leno,bernd,leno,BERND,LENO
52,Billy Gilmour,Billy,Gilmour,billy,gilmour,BILLY,GILMOUR
53,Billy Sharp,Billy,Sharp,billy,sharp,BILLY,SHARP
54,Bobby Decordova-Reid,Bobby,Decordova-Reid,bobby,decordova-reid,BOBBY,DECORDOVA-REID
55,Brandon Pierrick,Brandon,Pierrick,brandon,pierrick,BRANDON,PIERRICK
56,Bruno André Cavaco Jordao,Bruno,André,bruno,andré,BRUNO,ANDRÉ
57,Bukayo Saka,Bukayo,Saka,bukayo,saka,BUKAYO,SAKA
58,Callum Hudson-Odoi,Callum,Hudson-Odoi,callum,hudson-odoi,CALLUM,HUDSON-ODOI
59,Callum Robinson,Callum,Robinson,callum,robinson,CALLUM,ROBINSON
60,Callum Wilson,Callum,Wilson,callum,wilson,CALLUM,WILSON
61,Calum Chambers,Calum,Chambers,calum,chambers,CALUM,CHAMBERS
62,Cameron Carter-Vickers,Cameron,Carter-Vickers,cameron,carter-vickers,CAMERON,CARTER-VICKERS
63,Cedric Kipre,Cedric,Kipre,cedric,kipre,CEDRIC,KIPRE
64,Cenk Tosun,Cenk,Tosun,cenk,tosun,CENK,TOSUN
65,Charlie Austin,Charlie,Austin,charlie,austin,CHARLIE,AUSTIN
66,Cheikhou Kouyaté,Cheikhou,Kouyaté,cheikhou,kouyaté,CHEIKHOU,KOUYATÉ
67,Che Adams,Che,Adams,che,adams,CHE,ADAMS
68,Christian Atsu,Christian,Atsu,christian,atsu,CHRISTIAN,ATSU
69,Christian Benteke,Christian,Benteke,christian,benteke,CHRISTIAN,BENTEKE
70,Christian Fuchs,Christian,Fuchs,christian,fuchs,CHRISTIAN,FUCHS
71,Christian Pulisic,Christian,Pulisic,christian,pulisic,CHRISTIAN,PULISIC
72,Christian Walton,Christian,Walton,christian,walton,CHRISTIAN,WALTON
73,Chris Basham,Chris,Basham,chris,basham,CHRIS,BASHAM
74,Ciaran Clark,Ciaran,Clark,ciaran,clark,CIARAN,CLARK
75,Connor Wickham,Connor,Wickham,connor,wickham,CONNOR,WICKHAM
76,Conor Coady,Conor,Coady,conor,coady,CONOR,COADY
77,Conor Townsend,Conor,Townsend,conor,townsend,CONOR,TOWNSEND
78,Curtis Jones,Curtis,Jones,curtis,jones,CURTIS,JONES
79,Cyrus Christie,Cyrus,Christie,cyrus,christie,CYRUS,CHRISTIE
80,Cédric Soares,Cédric,Soares,cédric,soares,CÉDRIC,SOARES
81,César Azpilicueta,César,Azpilicueta,césar,azpilicueta,CÉSAR,AZPILICUETA
82,Dale Stephens,Dale,Stephens,dale,stephens,DALE,STEPHENS
83,Daniel Amartey,Daniel,Amartey,daniel,amartey,DANIEL,AMARTEY
84,Daniel Castelo Podence,Daniel,Castelo,daniel,castelo,DANIEL,CASTELO
85,Daniel Ceballos Fernández,Daniel,Ceballos,daniel,ceballos,DANIEL,CEBALLOS
86,Danny Ings,Danny,Ings,danny,ings,DANNY,INGS
87,Danny Rose,Danny,Rose,danny,rose,DANNY,ROSE
88,Danny Ward,Danny,Ward,danny,ward,DANNY,WARD
89,Dan Burn,Dan,Burn,dan,burn,DAN,BURN
90,Dara O'Shea,Dara,O'Shea,dara,o'shea,DARA,O'SHEA
91,Darnell Furlong,Darnell,Furlong,darnell,furlong,DARNELL,FURLONG
92,Darren Randolph,Darren,Randolph,darren,randolph,DARREN,RANDOLPH
93,David Button,David,Button,david,button,DAVID,BUTTON
94,David Luiz Moreira Marinho,David,Luiz,david,luiz,DAVID,LUIZ
95,David Martin,David,Martin,david,martin,DAVID,MARTIN
96,David McGoldrick,David,McGoldrick,david,mcgoldrick,DAVID,MCGOLDRICK
97,Davinson Sánchez,Davinson,Sánchez,davinson,sánchez,DAVINSON,SÁNCHEZ
98,Davy Pröpper,Davy,Pröpper,davy,pröpper,DAVY,PRÖPPER
99,DeAndre Yedlin,DeAndre,Yedlin,deandre,yedlin,DEANDRE,YEDLIN
100,Declan Rice,Declan,Rice,declan,rice,DECLAN,RICE
101,Demarai Gray,Demarai,Gray,demarai,gray,DEMARAI,GRAY
102,Denis Odoi,Denis,Odoi,denis,odoi,DENIS,ODOI
103,Dennis Praet,Dennis,Praet,dennis,praet,DENNIS,PRAET
104,Diogo Jota,Diogo,Jota,diogo,jota,DIOGO,JOTA
105,Divock Origi,Divock,Origi,divock,origi,DIVOCK,ORIGI
106,Dominic Calvert-Lewin,Dominic,Calvert-Lewin,dominic,calvert-lewin,DOMINIC,CALVERT-LEWIN
107,Dwight Gayle,Dwight,Gayle,dwight,gayle,DWIGHT,GAYLE
108,Eberechi Eze,Eberechi,Eze,eberechi,eze,EBERECHI,EZE
109,Edward Nketiah,Edward,Nketiah,edward,nketiah,EDWARD,NKETIAH
110,Emerson Palmieri dos Santos,Emerson,Palmieri,emerson,palmieri,EMERSON,PALMIERI
111,Emile Smith Rowe,Emile,Smith,emile,smith,EMILE,SMITH
112,Emiliano Martínez,Emiliano,Martínez,emiliano,martínez,EMILIANO,MARTÍNEZ
113,Emil Krafth,Emil,Krafth,emil,krafth,EMIL,KRAFTH
114,Enda Stevens,Enda,Stevens,enda,stevens,ENDA,STEVENS
115,Eric Dier,Eric,Dier,eric,dier,ERIC,DIER
116,Erik Lamela,Erik,Lamela,erik,lamela,ERIK,LAMELA
117,Ethan Ampadu,Ethan,Ampadu,ethan,ampadu,ETHAN,AMPADU
118,Ezgjan Alioski,Ezgjan,Alioski,ezgjan,alioski,EZGJAN,ALIOSKI
119,Fabian Delph,Fabian,Delph,fabian,delph,FABIAN,DELPH
120,Fabian Schär,Fabian,Schär,fabian,schär,FABIAN,SCHÄR
121,Fabio Henrique Tavares,Fabio,Henrique,fabio,henrique,FABIO,HENRIQUE
122,Fabio Silva,Fabio,Silva,fabio,silva,FABIO,SILVA
123,Fabián Balbuena,Fabián,Balbuena,fabián,balbuena,FABIÁN,BALBUENA
124,Fabricio Agosto Ramírez,Fabricio,Agosto,fabricio,agosto,FABRICIO,AGOSTO
125,Federico Fernández,Federico,Fernández,federico,fernández,FEDERICO,FERNÁNDEZ
126,Felipe Anderson Pereira Gomes,Felipe,Anderson,felipe,anderson,FELIPE,ANDERSON
127,Fernando Marçal,Fernando,Marçal,fernando,marçal,FERNANDO,MARÇAL
128,Fikayo Tomori,Fikayo,Tomori,fikayo,tomori,FIKAYO,TOMORI
129,Filip Benkovic,Filip,Benkovic,filip,benkovic,FILIP,BENKOVIC
130,Florian Lejeune,Florian,Lejeune,florian,lejeune,FLORIAN,LEJEUNE
131,Florin Andone,Florin,Andone,florin,andone,FLORIN,ANDONE
132,Francisco Casilla Cortés,Francisco,Casilla,francisco,casilla,FRANCISCO,CASILLA
133,Fraser Forster,Fraser,Forster,fraser,forster,FRASER,FORSTER
134,Gabriel Teodoro Martinelli Silva,Gabriel,Teodoro,gabriel,teodoro,GABRIEL,TEODORO
135,Gabriel Magalhães,Gabriel,Magalhães,gabriel,magalhães,GABRIEL,MAGALHÃES
136,Gary Cahill,Gary,Cahill,gary,cahill,GARY,CAHILL
137,Gedson Carvalho Fernandes,Gedson,Carvalho,gedson,carvalho,GEDSON,CARVALHO
138,George Baldock,George,Baldock,george,baldock,GEORGE,BALDOCK
139,Georginio Wijnaldum,Georginio,Wijnaldum,georginio,wijnaldum,GEORGINIO,WIJNALDUM
140,Giovani Lo Celso,Giovani,Celso,giovani,celso,GIOVANI,CELSO
141,Glenn Murray,Glenn,Murray,glenn,murray,GLENN,MURRAY
142,Grady Diangana,Grady,Diangana,grady,diangana,GRADY,DIANGANA
143,Granit Xhaka,Granit,Xhaka,granit,xhaka,GRANIT,XHAKA
144,Gylfi Sigurdsson,Gylfi,Sigurdsson,gylfi,sigurdsson,GYLFI,SIGURDSSON
145,Hakim Ziyech,Hakim,Ziyech,hakim,ziyech,HAKIM,ZIYECH
146,Hal Robson-Kanu,Hal,Robson-Kanu,hal,robson-kanu,HAL,ROBSON-KANU
147,Hamza Choudhury,Hamza,Choudhury,hamza,choudhury,HAMZA,CHOUDHURY
148,Harrison Reed,Harrison,Reed,harrison,reed,HARRISON,REED
149,Harry Kane,Harry,Kane,harry,kane,HARRY,KANE
150,Harry Wilson,Harry,Wilson,harry,wilson,HARRY,WILSON
151,Harry Winks,Harry,Winks,harry,winks,HARRY,WINKS
152,Harvey Barnes,Harvey,Barnes,harvey,barnes,HARVEY,BARNES
153,Harvey Elliott,Harvey,Elliott,harvey,elliott,HARVEY,ELLIOTT
154,Heung-Min Son,Heung-Min,Son,heung-min,son,HEUNG-MIN,SON
155,Hugo Lloris,Hugo,Lloris,hugo,lloris,HUGO,LLORIS
156,Héctor Bellerín,Héctor,Bellerín,héctor,bellerín,HÉCTOR,BELLERÍN
157,Hélder Wander Sousa de Azevedo e Costa,Hélder,Wander,hélder,wander,HÉLDER,WANDER
158,Ian Carlo Poveda-Ocampo,Ian,Carlo,ian,carlo,IAN,CARLO
159,Illan Meslier,Illan,Meslier,illan,meslier,ILLAN,MESLIER
160,Isaac Hayden,Isaac,Hayden,isaac,hayden,ISAAC,HAYDEN
161,Issa Diop,Issa,Diop,issa,diop,ISSA,DIOP
162,Ivan Ricardo Neves Abreu Cavaleiro,Ivan,Ricardo,ivan,ricardo,IVAN,RICARDO
163,Jack Harrison,Jack,Harrison,jack,harrison,JACK,HARRISON
164,Jack O'Connell,Jack,O'Connell,jack,o'connell,JACK,O'CONNELL
165,Jack Robinson,Jack,Robinson,jack,robinson,JACK,ROBINSON
166,Jack Stephens,Jack,Stephens,jack,stephens,JACK,STEPHENS
167,Jack Wilshere,Jack,Wilshere,jack,wilshere,JACK,WILSHERE
168,Jacob Murphy,Jacob,Murphy,jacob,murphy,JACOB,MURPHY
169,Jairo Riedewald,Jairo,Riedewald,jairo,riedewald,JAIRO,RIEDEWALD
170,Jake Livermore,Jake,Livermore,jake,livermore,JAKE,LIVERMORE
171,Jake Vokins,Jake,Vokins,jake,vokins,JAKE,VOKINS
172,Jamaal Lascelles,Jamaal,Lascelles,jamaal,lascelles,JAMAAL,LASCELLES
173,Jamal Lewis,Jamal,Lewis,jamal,lewis,JAMAL,LEWIS
174,James Justin,James,Justin,james,justin,JAMES,JUSTIN
175,James Maddison,James,Maddison,james,maddison,JAMES,MADDISON
176,James McArthur,James,McArthur,james,mcarthur,JAMES,MCARTHUR
177,James McCarthy,James,McCarthy,james,mccarthy,JAMES,MCCARTHY
178,James Milner,James,Milner,james,milner,JAMES,MILNER
179,James Rodríguez,James,Rodríguez,james,rodríguez,JAMES,RODRÍGUEZ
180,James Tomkins,James,Tomkins,james,tomkins,JAMES,TOMKINS
181,James Ward-Prowse,James,Ward-Prowse,james,ward-prowse,JAMES,WARD-PROWSE
182,Jamie Shackleton,Jamie,Shackleton,jamie,shackleton,JAMIE,SHACKLETON
183,Jamie Vardy,Jamie,Vardy,jamie,vardy,JAMIE,VARDY
184,Jannik Vestergaard,Jannik,Vestergaard,jannik,vestergaard,JANNIK,VESTERGAARD
185,Jan Bednarek,Jan,Bednarek,jan,bednarek,JAN,BEDNAREK
186,Japhet Tanganga,Japhet,Tanganga,japhet,tanganga,JAPHET,TANGANGA
187,Jarrad Branthwaite,Jarrad,Branthwaite,jarrad,branthwaite,JARRAD,BRANTHWAITE
188,Jarrod Bowen,Jarrod,Bowen,jarrod,bowen,JARROD,BOWEN
189,Jason Steele,Jason,Steele,jason,steele,JASON,STEELE
190,Javier Manquillo,Javier,Manquillo,javier,manquillo,JAVIER,MANQUILLO
191,Jay-Roy Grot,Jay-Roy,Grot,jay-roy,grot,JAY-ROY,GROT
192,Jayden Bogle,Jayden,Bogle,jayden,bogle,JAYDEN,BOGLE
193,Jean Michaël Seri,Jean,Michaël,jean,michaël,JEAN,MICHAËL
194,Jean-Philippe Gbamin,Jean-Philippe,Gbamin,jean-philippe,gbamin,JEAN-PHILIPPE,GBAMIN
195,Jeffrey Schlupp,Jeffrey,Schlupp,jeffrey,schlupp,JEFFREY,SCHLUPP
196,Jeff Hendrick,Jeff,Hendrick,jeff,hendrick,JEFF,HENDRICK
197,Joelinton Cássio Apolinário de Lira,Joelinton,Cássio,joelinton,cássio,JOELINTON,CÁSSIO
198,Joel Matip,Joel,Matip,joel,matip,JOEL,MATIP
199,Joel Ward,Joel,Ward,joel,ward,JOEL,WARD
200,Joe Bryan,Joe,Bryan,joe,bryan,JOE,BRYAN
201,Joe Hart,Joe,Hart,joe,hart,JOE,HART
202,John Egan,John,Egan,john,egan,JOHN,EGAN
203,John Fleck,John,Fleck,john,fleck,JOHN,FLECK
204,John Lundstram,John,Lundstram,john,lundstram,JOHN,LUNDSTRAM
205,John Ruddy,John,Ruddy,john,ruddy,JOHN,RUDDY
206,Jonas Lössl,Jonas,Lössl,jonas,lössl,JONAS,LÖSSL
207,Jonathan Castro Otto,Jonathan,Castro,jonathan,castro,JONATHAN,CASTRO
208,Jonathan Leko,Jonathan,Leko,jonathan,leko,JONATHAN,LEKO
209,Jonjoe Kenny,Jonjoe,Kenny,jonjoe,kenny,JONJOE,KENNY
210,Jonjo Shelvey,Jonjo,Shelvey,jonjo,shelvey,JONJO,SHELVEY
211,Jonny Evans,Jonny,Evans,jonny,evans,JONNY,EVANS
212,Jordan Ayew,Jordan,Ayew,jordan,ayew,JORDAN,AYEW
213,Jordan Henderson,Jordan,Henderson,jordan,henderson,JORDAN,HENDERSON
214,Jordan Hugill,Jordan,Hugill,jordan,hugill,JORDAN,HUGILL
215,Jordan Pickford,Jordan,Pickford,jordan,pickford,JORDAN,PICKFORD
216,Jordan Stevens,Jordan,Stevens,jordan,stevens,JORDAN,STEVENS
217,Jorge Luiz Frello Filho,Jorge,Luiz,jorge,luiz,JORGE,LUIZ
218,Joseph Gomez,Joseph,Gomez,joseph,gomez,JOSEPH,GOMEZ
219,Joseph Willock,Joseph,Willock,joseph,willock,JOSEPH,WILLOCK
220,Josh Onomah,Josh,Onomah,josh,onomah,JOSH,ONOMAH
221,Josh Sims,Josh,Sims,josh,sims,JOSH,SIMS
222,José Izquierdo,José,Izquierdo,josé,izquierdo,JOSÉ,IZQUIERDO
223,João Filipe Iria Santos Moutinho,João,Filipe,joão,filipe,JOÃO,FILIPE
224,João Virgínia,João,Virgínia,joão,virgínia,JOÃO,VIRGÍNIA
225,Joël Veltman,Joël,Veltman,joël,veltman,JOËL,VELTMAN
226,Juan Foyth,Juan,Foyth,juan,foyth,JUAN,FOYTH
227,Kai Havertz,Kai,Havertz,kai,havertz,KAI,HAVERTZ
228,Kalvin Phillips,Kalvin,Phillips,kalvin,phillips,KALVIN,PHILLIPS
229,Kamil Grosicki,Kamil,Grosicki,kamil,grosicki,KAMIL,GROSICKI
230,Kamil Miazek,Kamil,Miazek,kamil,miazek,KAMIL,MIAZEK
231,Karl Darlow,Karl,Darlow,karl,darlow,KARL,DARLOW
232,Kasper Schmeichel,Kasper,Schmeichel,kasper,schmeichel,KASPER,SCHMEICHEL
233,Kelechi Iheanacho,Kelechi,Iheanacho,kelechi,iheanacho,KELECHI,IHEANACHO
234,Kelland Watts,Kelland,Watts,kelland,watts,KELLAND,WATTS
235,Kenneth Zohore,Kenneth,Zohore,kenneth,zohore,KENNETH,ZOHORE
236,Kenny Tete,Kenny,Tete,kenny,tete,KENNY,TETE
237,Kepa Arrizabalaga,Kepa,Arrizabalaga,kepa,arrizabalaga,KEPA,ARRIZABALAGA
238,Kevin McDonald,Kevin,McDonald,kevin,mcdonald,KEVIN,MCDONALD
239,Kieran Gibbs,Kieran,Gibbs,kieran,gibbs,KIERAN,GIBBS
240,Kieran Tierney,Kieran,Tierney,kieran,tierney,KIERAN,TIERNEY
241,Konstantinos Tsimikas,Konstantinos,Tsimikas,konstantinos,tsimikas,KONSTANTINOS,TSIMIKAS
242,Kurt Zouma,Kurt,Zouma,kurt,zouma,KURT,ZOUMA
243,Kyle Bartley,Kyle,Bartley,kyle,bartley,KYLE,BARTLEY
244,Kyle Edwards,Kyle,Edwards,kyle,edwards,KYLE,EDWARDS
245,Kyle Walker-Peters,Kyle,Walker-Peters,kyle,walker-peters,KYLE,WALKER-PETERS
246,Leander Dendoncker,Leander,Dendoncker,leander,dendoncker,LEANDER,DENDONCKER
247,Leandro Trossard,Leandro,Trossard,leandro,trossard,LEANDRO,TROSSARD
248,Leif Davis,Leif,Davis,leif,davis,LEIF,DAVIS
249,Leonardo Campana,Leonardo,Campana,leonardo,campana,LEONARDO,CAMPANA
250,Lewis Dunk,Lewis,Dunk,lewis,dunk,LEWIS,DUNK
251,Liam Cooper,Liam,Cooper,liam,cooper,LIAM,COOPER
252,Lucas Digne,Lucas,Digne,lucas,digne,LUCAS,DIGNE
253,Lucas Rodrigues Moura da Silva,Lucas,Rodrigues,lucas,rodrigues,LUCAS,RODRIGUES
254,Lucas Torreira,Lucas,Torreira,lucas,torreira,LUCAS,TORREIRA
255,Lukasz Fabianski,Lukasz,Fabianski,lukasz,fabianski,LUKASZ,FABIANSKI
256,Luka Milivojevic,Luka,Milivojevic,luka,milivojevic,LUKA,MILIVOJEVIC
257,Luke Ayling,Luke,Ayling,luke,ayling,LUKE,AYLING
258,Luke Freeman,Luke,Freeman,luke,freeman,LUKE,FREEMAN
259,Luke Thomas,Luke,Thomas,luke,thomas,LUKE,THOMAS
260,Lys Mousset,Lys,Mousset,lys,mousset,LYS,MOUSSET
261,Léo Bonatini,Léo,Bonatini,léo,bonatini,LÉO,BONATINI
262,Mamadou Sakho,Mamadou,Sakho,mamadou,sakho,MAMADOU,SAKHO
263,Manuel Lanzini,Manuel,Lanzini,manuel,lanzini,MANUEL,LANZINI
264,Marcos Alonso,Marcos,Alonso,marcos,alonso,MARCOS,ALONSO
265,Marcus Bettinelli,Marcus,Bettinelli,marcus,bettinelli,MARCUS,BETTINELLI
266,Marc Albrighton,Marc,Albrighton,marc,albrighton,MARC,ALBRIGHTON
267,Marek Rodák,Marek,Rodák,marek,rodák,MAREK,RODÁK
268,Mario Lemina,Mario,Lemina,mario,lemina,MARIO,LEMINA
269,Mark Gillespie,Mark,Gillespie,mark,gillespie,MARK,GILLESPIE
270,Mark Noble,Mark,Noble,mark,noble,MARK,NOBLE
271,Martin Dubravka,Martin,Dubravka,martin,dubravka,MARTIN,DUBRAVKA
272,Martin Kelly,Martin,Kelly,martin,kelly,MARTIN,KELLY
273,Martín Montoya,Martín,Montoya,martín,montoya,MARTÍN,MONTOYA
274,Mason Holgate,Mason,Holgate,mason,holgate,MASON,HOLGATE
275,Mason Mount,Mason,Mount,mason,mount,MASON,MOUNT
276,Mateo Kovacic,Mateo,Kovacic,mateo,kovacic,MATEO,KOVACIC
277,Mateusz Klich,Mateusz,Klich,mateusz,klich,MATEUSZ,KLICH
278,Matheus Pereira,Matheus,Pereira,matheus,pereira,MATHEUS,PEREIRA
279,Mathew Ryan,Mathew,Ryan,mathew,ryan,MATHEW,RYAN
280,Matija Sarkic,Matija,Sarkic,matija,sarkic,MATIJA,SARKIC
281,Matteo Guendouzi,Matteo,Guendouzi,matteo,guendouzi,MATTEO,GUENDOUZI
282,Matthew Clarke,Matthew,Clarke,matthew,clarke,MATTHEW,CLARKE
283,Matthew Longstaff,Matthew,Longstaff,matthew,longstaff,MATTHEW,LONGSTAFF
284,Matty James,Matty,James,matty,james,MATTY,JAMES
285,Matt Doherty,Matt,Doherty,matt,doherty,MATT,DOHERTY
286,Matt Macey,Matt,Macey,matt,macey,MATT,MACEY
287,Matt Phillips,Matt,Phillips,matt,phillips,MATT,PHILLIPS
288,Matt Ritchie,Matt,Ritchie,matt,ritchie,MATT,RITCHIE
289,Maxime Le Marchand,Maxime,Marchand,maxime,marchand,MAXIME,MARCHAND
290,Max Kilman,Max,Kilman,max,kilman,MAX,KILMAN
291,Max Lowe,Max,Lowe,max,lowe,MAX,LOWE
292,Max Meyer,Max,Meyer,max,meyer,MAX,MEYER
293,Mesut Özil,Mesut,Özil,mesut,özil,MESUT,ÖZIL
294,Michael Hector,Michael,Hector,michael,hector,MICHAEL,HECTOR
295,Michael Keane,Michael,Keane,michael,keane,MICHAEL,KEANE
296,Michael Obafemi,Michael,Obafemi,michael,obafemi,MICHAEL,OBAFEMI
297,Michail Antonio,Michail,Antonio,michail,antonio,MICHAIL,ANTONIO
298,Michy Batshuayi,Michy,Batshuayi,michy,batshuayi,MICHY,BATSHUAYI
299,Miguel Almirón,Miguel,Almirón,miguel,almirón,MIGUEL,ALMIRÓN
300,Mohamed Naser El Sayed Elneny,Mohamed,Naser,mohamed,naser,MOHAMED,NASER
301,Mohamed Salah,Mohamed,Salah,mohamed,salah,MOHAMED,SALAH
302,Mohammed Salisu,Mohammed,Salisu,mohammed,salisu,MOHAMMED,SALISU
303,Moise Kean,Moise,Kean,moise,kean,MOISE,KEAN
304,Morgan Gibbs-White,Morgan,Gibbs-White,morgan,gibbs-white,MORGAN,GIBBS-WHITE
305,Moussa Djenepo,Moussa,Djenepo,moussa,djenepo,MOUSSA,DJENEPO
306,Moussa Sissoko,Moussa,Sissoko,moussa,sissoko,MOUSSA,SISSOKO
307,N'Golo Kanté,N'Golo,Kanté,n'golo,kanté,N'GOLO,KANTÉ
308,Naby Keita,Naby,Keita,naby,keita,NABY,KEITA
309,Nampalys Mendy,Nampalys,Mendy,nampalys,mendy,NAMPALYS,MENDY
310,Nathan Ferguson,Nathan,Ferguson,nathan,ferguson,NATHAN,FERGUSON
311,Nathan Redmond,Nathan,Redmond,nathan,redmond,NATHAN,REDMOND
312,Nathan Tella,Nathan,Tella,nathan,tella,NATHAN,TELLA
313,Neal Maupay,Neal,Maupay,neal,maupay,NEAL,MAUPAY
314,Neco Williams,Neco,Williams,neco,williams,NECO,WILLIAMS
315,Neeskens Kebano,Neeskens,Kebano,neeskens,kebano,NEESKENS,KEBANO
316,Nicolas Pépé,Nicolas,Pépé,nicolas,pépé,NICOLAS,PÉPÉ
317,Oliver Burke,Oliver,Burke,oliver,burke,OLIVER,BURKE
318,Oliver Casey,Oliver,Casey,oliver,casey,OLIVER,CASEY
319,Oliver McBurnie,Oliver,McBurnie,oliver,mcburnie,OLIVER,MCBURNIE
320,Oliver Norwood,Oliver,Norwood,oliver,norwood,OLIVER,NORWOOD
321,Oliver Skipp,Oliver,Skipp,oliver,skipp,OLIVER,SKIPP
322,Olivier Giroud,Olivier,Giroud,olivier,giroud,OLIVIER,GIROUD
323,Oluwasemilogo Adesewo Ibidapo Ajayi,Oluwasemilogo,Adesewo,oluwasemilogo,adesewo,OLUWASEMILOGO,ADESEWO
324,Oriol Romeu Vidal,Oriol,Romeu,oriol,romeu,ORIOL,ROMEU
325,Oskar Buur,Oskar,Buur,oskar,buur,OSKAR,BUUR
326,Pablo Fornals,Pablo,Fornals,pablo,fornals,PABLO,FORNALS
327,Pablo Hernández Domínguez,Pablo,Hernández,pablo,hernández,PABLO,HERNÁNDEZ
328,Pablo Marí,Pablo,Marí,pablo,marí,PABLO,MARÍ
329,Pascal Groß,Pascal,Groß,pascal,groß,PASCAL,GROSS
330,Pascal Struijk,Pascal,Struijk,pascal,struijk,PASCAL,STRUIJK
331,Patrick Bamford,Patrick,Bamford,patrick,bamford,PATRICK,BAMFORD
332,Patrick van Aanholt,Patrick,van,patrick,van,PATRICK,VAN
333,Paulo Gazzaniga,Paulo,Gazzaniga,paulo,gazzaniga,PAULO,GAZZANIGA
334,Paul Dummett,Paul,Dummett,paul,dummett,PAUL,DUMMETT
335,Pedro Lomba Neto,Pedro,Lomba,pedro,lomba,PEDRO,LOMBA
336,Phil Jagielka,Phil,Jagielka,phil,jagielka,PHIL,JAGIELKA
337,Pierre-Emerick Aubameyang,Pierre-Emerick,Aubameyang,pierre-emerick,aubameyang,PIERRE-EMERICK,AUBAMEYANG
338,Pierre-Emile Højbjerg,Pierre-Emile,Højbjerg,pierre-emile,højbjerg,PIERRE-EMILE,HØJBJERG
339,Raúl Jiménez,Raúl,Jiménez,raúl,jiménez,RAÚL,JIMÉNEZ
340,Reece James,Reece,James,reece,james,REECE,JAMES
341,Reiss Nelson,Reiss,Nelson,reiss,nelson,REISS,NELSON
342,Rekeem Harper,Rekeem,Harper,rekeem,harper,REKEEM,HARPER
343,Rhian Brewster,Rhian,Brewster,rhian,brewster,RHIAN,BREWSTER
344,Ricardo Domingos Barbosa Pereira,Ricardo,Domingos,ricardo,domingos,RICARDO,DOMINGOS
345,Richarlison de Andrade,Richarlison,Andrade,richarlison,andrade,RICHARLISON,ANDRADE
346,Roberto Firmino,Roberto,Firmino,roberto,firmino,ROBERTO,FIRMINO
347,Roberto Jimenez Gago,Roberto,Jimenez,roberto,jimenez,ROBERTO,JIMENEZ
348,Robert Snodgrass,Robert,Snodgrass,robert,snodgrass,ROBERT,SNODGRASS
349,Robin Koch,Robin,Koch,robin,koch,ROBIN,KOCH
350,Rob Holding,Rob,Holding,rob,holding,ROB,HOLDING
351,Rodrigo Moreno,Rodrigo,Moreno,rodrigo,moreno,RODRIGO,MORENO
352,Rolando Aarons,Rolando,Aarons,rolando,aarons,ROLANDO,AARONS
353,Romaine Sawyers,Romaine,Sawyers,romaine,sawyers,ROMAINE,SAWYERS
354,Romain Saïss,Romain,Saïss,romain,saïss,ROMAIN,SAÏSS
355,Ross Barkley,Ross,Barkley,ross,barkley,ROSS,BARKLEY
356,Ruben Loftus-Cheek,Ruben,Loftus-Cheek,ruben,loftus-cheek,RUBEN,LOFTUS-CHEEK
357,Rui Pedro dos Santos Patrício,Rui,Pedro,rui,pedro,RUI,PEDRO
358,Ryan Bennett,Ryan,Bennett,ryan,bennett,RYAN,BENNETT
359,Ryan Bertrand,Ryan,Bertrand,ryan,bertrand,RYAN,BERTRAND
360,Ryan Fraser,Ryan,Fraser,ryan,fraser,RYAN,FRASER
361,Ryan Fredericks,Ryan,Fredericks,ryan,fredericks,RYAN,FREDERICKS
362,Ryan Sessegnon,Ryan,Sessegnon,ryan,sessegnon,RYAN,SESSEGNON
363,Rúben Diogo da Silva Neves,Rúben,Diogo,rúben,diogo,RÚBEN,DIOGO
364,Rúben Gonçalo Silva Nascimento Vinagre,Rúben,Gonçalo,rúben,gonçalo,RÚBEN,GONÇALO
365,Sadio Mané,Sadio,Mané,sadio,mané,SADIO,MANÉ
366,Sam Field,Sam,Field,sam,field,SAM,FIELD
367,Sam Johnstone,Sam,Johnstone,sam,johnstone,SAM,JOHNSTONE
368,Sam Woods,Sam,Woods,sam,woods,SAM,WOODS
369,Sander Berge,Sander,Berge,sander,berge,SANDER,BERGE
370,Scott Dann,Scott,Dann,scott,dann,SCOTT,DANN
371,Sead Kolasinac,Sead,Kolasinac,sead,kolasinac,SEAD,KOLASINAC
372,Seamus Coleman,Seamus,Coleman,seamus,coleman,SEAMUS,COLEMAN
373,Sean Longstaff,Sean,Longstaff,sean,longstaff,SEAN,LONGSTAFF
374,Serge Aurier,Serge,Aurier,serge,aurier,SERGE,AURIER
375,Shane Duffy,Shane,Duffy,shane,duffy,SHANE,DUFFY
376,Shane Long,Shane,Long,shane,long,SHANE,LONG
377,Shkodran Mustafi,Shkodran,Mustafi,shkodran,mustafi,SHKODRAN,MUSTAFI
378,Simon Moore,Simon,Moore,simon,moore,SIMON,MOORE
379,Sofiane Boufal,Sofiane,Boufal,sofiane,boufal,SOFIANE,BOUFAL
380,Sokratis Papastathopoulos,Sokratis,Papastathopoulos,sokratis,papastathopoulos,SOKRATIS,PAPASTATHOPOULOS
381,Solomon March,Solomon,March,solomon,march,SOLOMON,MARCH
382,Stefan Johansen,Stefan,Johansen,stefan,johansen,STEFAN,JOHANSEN
383,Steven Alzate,Steven,Alzate,steven,alzate,STEVEN,ALZATE
384,Steven Bergwijn,Steven,Bergwijn,steven,bergwijn,STEVEN,BERGWIJN
385,Stuart Armstrong,Stuart,Armstrong,stuart,armstrong,STUART,ARMSTRONG
386,Stuart Dallas,Stuart,Dallas,stuart,dallas,STUART,DALLAS
387,Sébastien Haller,Sébastien,Haller,sébastien,haller,SÉBASTIEN,HALLER
388,Takumi Minamino,Takumi,Minamino,takumi,minamino,TAKUMI,MINAMINO
389,Tammy Abraham,Tammy,Abraham,tammy,abraham,TAMMY,ABRAHAM
390,Tanguy Ndombele,Tanguy,Ndombele,tanguy,ndombele,TANGUY,NDOMBELE
391,Tariq Lamptey,Tariq,Lamptey,tariq,lamptey,TARIQ,LAMPTEY
392,Theo Walcott,Theo,Walcott,theo,walcott,THEO,WALCOTT
393,Thiago Thiago,Thiago,Thiago,thiago,thiago,THIAGO,THIAGO
394,Timothy Castagne,Timothy,Castagne,timothy,castagne,TIMOTHY,CASTAGNE
395,Timo Werner,Timo,Werner,timo,werner,TIMO,WERNER
396,Tim Ream,Tim,Ream,tim,ream,TIM,REAM
397,Toby Alderweireld,Toby,Alderweireld,toby,alderweireld,TOBY,ALDERWEIRELD
398,Tomas Soucek,Tomas,Soucek,tomas,soucek,TOMAS,SOUCEK
399,Tom Cairney,Tom,Cairney,tom,cairney,TOM,CAIRNEY
400,Tom Davies,Tom,Davies,tom,davies,TOM,DAVIES
401,Trent Alexander-Arnold,Trent,Alexander-Arnold,trent,alexander-arnold,TRENT,ALEXANDER-ARNOLD
402,Tyler Roberts,Tyler,Roberts,tyler,roberts,TYLER,ROBERTS
403,Tyrick Mitchell,Tyrick,Mitchell,tyrick,mitchell,TYRICK,MITCHELL
404,Vicente Guaita,Vicente,Guaita,vicente,guaita,VICENTE,GUAITA
405,Virgil van Dijk,Virgil,van,virgil,van,VIRGIL,VAN
406,Vitor Ferreira,Vitor,Ferreira,vitor,ferreira,VITOR,FERREIRA
407,Wayne Hennessey,Wayne,Hennessey,wayne,hennessey,WAYNE,HENNESSEY
408,Wes Foderingham,Wes,Foderingham,wes,foderingham,WES,FODERINGHAM
409,Wes Morgan,Wes,Morgan,wes,morgan,WES,MORGAN
410,Wilfred Ndidi,Wilfred,Ndidi,wilfred,ndidi,WILFRED,NDIDI
411,Wilfried Zaha,Wilfried,Zaha,wilfried,zaha,WILFRIED,ZAHA
412,William Saliba,William,Saliba,william,saliba,WILLIAM,SALIBA
413,William Smallbone,William,Smallbone,william,smallbone,WILLIAM,SMALLBONE
414,Willian Borges Da Silva,Willian,Borges,willian,borges,WILLIAN,BORGES
415,Willy Boly,Willy,Boly,willy,boly,WILLY,BOLY
416,Willy Caballero,Willy,Caballero,willy,caballero,WILLY,CABALLERO
417,Xherdan Shaqiri,Xherdan,Shaqiri,xherdan,shaqiri,XHERDAN,SHAQIRI
418,Yan Valery,Yan,Valery,yan,valery,YAN,VALERY
419,Yerry Mina,Yerry,Mina,yerry,mina,YERRY,MINA
420,Yoshinori Muto,Yoshinori,Muto,yoshinori,muto,YOSHINORI,MUTO
421,Youri Tielemans,Youri,Tielemans,youri,tielemans,YOURI,TIELEMANS
422,Yves Bissouma,Yves,Bissouma,yves,bissouma,YVES,BISSOUMA
423,Zeze Steven Sessegnon,Zeze,Steven,zeze,steven,ZEZE,STEVEN
424,Çaglar Söyüncü,Çaglar,Söyüncü,çaglar,söyüncü,ÇAGLAR,SÖYÜNCÜ
425,Aaron Wan-Bissaka,Aaron,Wan-Bissaka,aaron,wan-bissaka,AARON,WAN-BISSAKA
426,Adrián Bernabé,Adrián,Bernabé,adrián,bernabé,ADRIÁN,BERNABÉ
427,Ahmed El Mohamady,Ahmed,Mohamady,ahmed,mohamady,AHMED,MOHAMADY
428,Andreas Pereira,Andreas,Pereira,andreas,pereira,ANDREAS,PEREIRA
429,Anthony Driscoll-Glennon,Anthony,Driscoll-Glennon,anthony,driscoll-glennon,ANTHONY,DRISCOLL-GLENNON
430,Anthony Martial,Anthony,Martial,anthony,martial,ANTHONY,MARTIAL
431,Anwar El Ghazi,Anwar,Ghazi,anwar,ghazi,ANWAR,GHAZI
432,Ashley Barnes,Ashley,Barnes,ashley,barnes,ASHLEY,BARNES
433,Ashley Westwood,Ashley,Westwood,ashley,westwood,ASHLEY,WESTWOOD
434,Axel Tuanzebe,Axel,Tuanzebe,axel,tuanzebe,AXEL,TUANZEBE
435,Aymeric Laporte,Aymeric,Laporte,aymeric,laporte,AYMERIC,LAPORTE
436,Bailey Peacock-Farrell,Bailey,Peacock-Farrell,bailey,peacock-farrell,BAILEY,PEACOCK-FARRELL
437,Benjamin Mendy,Benjamin,Mendy,benjamin,mendy,BENJAMIN,MENDY
438,Ben Gibson,Ben,Gibson,ben,gibson,BEN,GIBSON
439,Ben Mee,Ben,Mee,ben,mee,BEN,MEE
440,Bernardo Mota Veiga de Carvalho e Silva,Bernardo,Mota,bernardo,mota,BERNARDO,MOTA
441,Bjorn Engels,Bjorn,Engels,bjorn,engels,BJORN,ENGELS
442,Bobby Thomas,Bobby,Thomas,bobby,thomas,BOBBY,THOMAS
443,Brandon Williams,Brandon,Williams,brandon,williams,BRANDON,WILLIAMS
444,Branislav Ivanovic,Branislav,Ivanovic,branislav,ivanovic,BRANISLAV,IVANOVIC
445,Bruno Miguel Borges Fernandes,Bruno,Miguel,bruno,miguel,BRUNO,MIGUEL
446,Charlie Taylor,Charlie,Taylor,charlie,taylor,CHARLIE,TAYLOR
447,Chris Smalling,Chris,Smalling,chris,smalling,CHRIS,SMALLING
448,Chris Wood,Chris,Wood,chris,wood,CHRIS,WOOD
449,Claudio Bravo,Claudio,Bravo,claudio,bravo,CLAUDIO,BRAVO
450,Conor Hourihane,Conor,Hourihane,conor,hourihane,CONOR,HOURIHANE
451,Daniel James,Daniel,James,daniel,james,DANIEL,JAMES
452,David de Gea,David,Gea,david,gea,DAVID,GEA
453,Dean Henderson,Dean,Henderson,dean,henderson,DEAN,HENDERSON
454,Donny van de Beek,Donny,van,donny,van,DONNY,VAN
455,Douglas Luiz Soares de Paulo,Douglas,Luiz,douglas,luiz,DOUGLAS,LUIZ
456,Dwight McNeil,Dwight,McNeil,dwight,mcneil,DWIGHT,MCNEIL
457,Ederson Santana de Moraes,Ederson,Santana,ederson,santana,EDERSON,SANTANA
458,Elia Caprile,Elia,Caprile,elia,caprile,ELIA,CAPRILE
459,Eric Bailly,Eric,Bailly,eric,bailly,ERIC,BAILLY
460,Eric Garcia,Eric,Garcia,eric,garcia,ERIC,GARCIA
461,Erik Pieters,Erik,Pieters,erik,pieters,ERIK,PIETERS
462,Ezri Konsa Ngoyo,Ezri,Konsa,ezri,konsa,EZRI,KONSA
463,Fernando Luiz Rosa,Fernando,Luiz,fernando,luiz,FERNANDO,LUIZ
464,Ferran Torres,Ferran,Torres,ferran,torres,FERRAN,TORRES
465,Frederico Rodrigues de Paula Santos,Frederico,Rodrigues,frederico,rodrigues,FREDERICO,RODRIGUES
466,Frédéric Guilbert,Frédéric,Guilbert,frédéric,guilbert,FRÉDÉRIC,GUILBERT
467,Gabriel Fernando de Jesus,Gabriel,Fernando,gabriel,fernando,GABRIEL,FERNANDO
468,Harry Maguire,Harry,Maguire,harry,maguire,HARRY,MAGUIRE
469,Henri Lansbury,Henri,Lansbury,henri,lansbury,HENRI,LANSBURY
470,Ilkay Gündogan,Ilkay,Gündogan,ilkay,gündogan,ILKAY,GÜNDOGAN
471,Indiana Vassilev,Indiana,Vassilev,indiana,vassilev,INDIANA,VASSILEV
472,Jack Cork,Jack,Cork,jack,cork,JACK,CORK
473,Jack Grealish,Jack,Grealish,jack,grealish,JACK,GREALISH
474,James Bree,James,Bree,james,bree,JAMES,BREE
475,James Garner,James,Garner,james,garner,JAMES,GARNER
476,James Tarkowski,James,Tarkowski,james,tarkowski,JAMES,TARKOWSKI
477,Jay Rodriguez,Jay,Rodriguez,jay,rodriguez,JAY,RODRIGUEZ
478,Jed Steer,Jed,Steer,jed,steer,JED,STEER
479,Jesse Lingard,Jesse,Lingard,jesse,lingard,JESSE,LINGARD
480,Jimmy Dunne,Jimmy,Dunne,jimmy,dunne,JIMMY,DUNNE
481,Johann Berg Gudmundsson,Johann,Berg,johann,berg,JOHANN,BERG
482,John McGinn,John,McGinn,john,mcginn,JOHN,MCGINN
483,John Stones,John,Stones,john,stones,JOHN,STONES
484,Josh Benson,Josh,Benson,josh,benson,JOSH,BENSON
485,Josh Brownhill,Josh,Brownhill,josh,brownhill,JOSH,BROWNHILL
486,José Diogo Dalot Teixeira,José,Diogo,josé,diogo,JOSÉ,DIOGO
487,José Ignacio Peleteiro Romallo,José,Ignacio,josé,ignacio,JOSÉ,IGNACIO
488,João Pedro Cavaco Cancelo,João,Pedro,joão,pedro,JOÃO,PEDRO
489,Juan Mata,Juan,Mata,juan,mata,JUAN,MATA
490,Keinan Davis,Keinan,Davis,keinan,davis,KEINAN,DAVIS
491,Kevin De Bruyne,Kevin,Bruyne,kevin,bruyne,KEVIN,BRUYNE
492,Kevin Long,Kevin,Long,kevin,long,KEVIN,LONG
493,Kortney Hause,Kortney,Hause,kortney,hause,KORTNEY,HAUSE
494,Kyle Walker,Kyle,Walker,kyle,walker,KYLE,WALKER
495,Liam Delap,Liam,Delap,liam,delap,LIAM,DELAP
496,Luke Shaw,Luke,Shaw,luke,shaw,LUKE,SHAW
497,Mahmoud Ahmed Ibrahim Hassan,Mahmoud,Ahmed,mahmoud,ahmed,MAHMOUD,AHMED
498,Marcos Rojo,Marcos,Rojo,marcos,rojo,MARCOS,ROJO
499,Marcus Rashford,Marcus,Rashford,marcus,rashford,MARCUS,RASHFORD
500,Marvelous Nakamba,Marvelous,Nakamba,marvelous,nakamba,MARVELOUS,NAKAMBA
501,Mason Greenwood,Mason,Greenwood,mason,greenwood,MASON,GREENWOOD
502,Matej Vydra,Matej,Vydra,matej,vydra,MATEJ,VYDRA
503,Mateusz Bogusz,Mateusz,Bogusz,mateusz,bogusz,MATEUSZ,BOGUSZ
504,Matthew Cash,Matthew,Cash,matthew,cash,MATTHEW,CASH
505,Matthew Lowton,Matthew,Lowton,matthew,lowton,MATTHEW,LOWTON
506,Matt Targett,Matt,Targett,matt,targett,MATT,TARGETT
507,Mbwana Samatta,Mbwana,Samatta,mbwana,samatta,MBWANA,SAMATTA
508,Nathan Aké,Nathan,Aké,nathan,aké,NATHAN,AKÉ
509,Neil Taylor,Neil,Taylor,neil,taylor,NEIL,TAYLOR
510,Nemanja Matic,Nemanja,Matic,nemanja,matic,NEMANJA,MATIC
511,Nick Pope,Nick,Pope,nick,pope,NICK,POPE
512,Nicolás Otamendi,Nicolás,Otamendi,nicolás,otamendi,NICOLÁS,OTAMENDI
513,Odion Ighalo,Odion,Ighalo,odion,ighalo,ODION,IGHALO
514,Oleksandr Zinchenko,Oleksandr,Zinchenko,oleksandr,zinchenko,OLEKSANDR,ZINCHENKO
515,Ollie Watkins,Ollie,Watkins,ollie,watkins,OLLIE,WATKINS
516,Paul Pogba,Paul,Pogba,paul,pogba,PAUL,POGBA
517,Phil Bardsley,Phil,Bardsley,phil,bardsley,PHIL,BARDSLEY
518,Phil Foden,Phil,Foden,phil,foden,PHIL,FODEN
519,Phil Jones,Phil,Jones,phil,jones,PHIL,JONES
520,Raheem Sterling,Raheem,Sterling,raheem,sterling,RAHEEM,STERLING
521,Riyad Mahrez,Riyad,Mahrez,riyad,mahrez,RIYAD,MAHREZ
522,Robbie Brady,Robbie,Brady,robbie,brady,ROBBIE,BRADY
523,Rodrigo Hernandez,Rodrigo,Hernandez,rodrigo,hernandez,RODRIGO,HERNANDEZ
524,Ryan Inniss,Ryan,Inniss,ryan,inniss,RYAN,INNISS
525,Scott McTominay,Scott,McTominay,scott,mctominay,SCOTT,MCTOMINAY
526,Sergio Agüero,Sergio,Agüero,sergio,agüero,SERGIO,AGÜERO
527,Sergio Romero,Sergio,Romero,sergio,romero,SERGIO,ROMERO
528,Tahith Chong,Tahith,Chong,tahith,chong,TAHITH,CHONG
529,Teden Mengi,Teden,Mengi,teden,mengi,TEDEN,MENGI
530,Thiago Alcántara do Nascimento,Thiago,Alcántara,thiago,alcántara,THIAGO,ALCÁNTARA
531,Timothy Fosu-Mensah,Timothy,Fosu-Mensah,timothy,fosu-mensah,TIMOTHY,FOSU-MENSAH
532,Tommy Doyle,Tommy,Doyle,tommy,doyle,TOMMY,DOYLE
533,Tom Heaton,Tom,Heaton,tom,heaton,TOM,HEATON
534,Tyrone Mings,Tyrone,Mings,tyrone,mings,TYRONE,MINGS
535,Victor Lindelöf,Victor,Lindelöf,victor,lindelöf,VICTOR,LINDELÖF
536,Wesley Moraes,Wesley,Moraes,wesley,moraes,WESLEY,MORAES
537,Zack Steffen,Zack,Steffen,zack,steffen,ZACK,STEFFEN
538,Ørjan Nyland,Ørjan,Nyland,ørjan,nyland,ØRJAN,NYLAND
539,Bertrand Traoré,Bertrand,Traoré,bertrand,traoré,BERTRAND,TRAORÉ
540,Cengiz Ünder,Cengiz,Ünder,cengiz,ünder,CENGIZ,ÜNDER
541,Cole Palmer,Cole,Palmer,cole,palmer,COLE,PALMER
542,Conor Gallagher,Conor,Gallagher,conor,gallagher,CONOR,GALLAGHER
543,Diego Llorente,Diego,Llorente,diego,llorente,DIEGO,LLORENTE
544,Edouard Mendy,Edouard,Mendy,edouard,mendy,EDOUARD,MENDY
545,Gareth Bale,Gareth,Bale,gareth,bale,GARETH,BALE
546,Jacob Ramsey,Jacob,Ramsey,jacob,ramsey,JACOB,RAMSEY
547,Jayson Molumby,Jayson,Molumby,jayson,molumby,JAYSON,MOLUMBY
548,Ki-Jana Hoever,Ki-Jana,Hoever,ki-jana,hoever,KI-JANA,HOEVER
549,Mace Goodridge,Mace,Goodridge,mace,goodridge,MACE,GOODRIDGE
550,Meritan Shabani,Meritan,Shabani,meritan,shabani,MERITAN,SHABANI
551,Nélson Cabral Semedo,Nélson,Cabral,nélson,cabral,NÉLSON,CABRAL
552,Rúnar Alex Rúnarsson,Rúnar,Alex,rúnar,alex,RÚNAR,ALEX
553,Sergio Reguilón,Sergio,Reguilón,sergio,reguilón,SERGIO,REGUILÓN
554,Ademola Lookman,Ademola,Lookman,ademola,lookman,ADEMOLA,LOOKMAN
555,Caoimhin Kelleher,Caoimhin,Kelleher,caoimhin,kelleher,CAOIMHIN,KELLEHER
556,Filip Krovinovic,Filip,Krovinovic,filip,krovinovic,FILIP,KROVINOVIC
557,Niels Nkounkou,Niels,Nkounkou,niels,nkounkou,NIELS,NKOUNKOU
558,Ola Aina,Ola,Aina,ola,aina,OLA,AINA
559,Rúben Santos Gato Alves Dias,Rúben,Santos,rúben,santos,RÚBEN,SANTOS
560,Vladimir Coufal,Vladimir,Coufal,vladimir,coufal,VLADIMIR,COUFAL
561,Wesley Fofana,Wesley,Fofana,wesley,fofana,WESLEY,FOFANA
562,Alex Nicolao Telles,Alex,Nicolao,alex,nicolao,ALEX,NICOLAO
563,Andi Zeqiri,Andi,Zeqiri,andi,zeqiri,ANDI,ZEQIRI
564,Ben Godfrey,Ben,Godfrey,ben,godfrey,BEN,GODFREY
565,Carlos Vinicius Alves Morais,Carlos,Vinicius,carlos,vinicius,CARLOS,VINICIUS
566,Craig Dawson,Craig,Dawson,craig,dawson,CRAIG,DAWSON
567,Edinson Cavani,Edinson,Cavani,edinson,cavani,EDINSON,CAVANI
568,Facundo Pellistri,Facundo,Pellistri,facundo,pellistri,FACUNDO,PELLISTRI
569,Ibrahima Diallo,Ibrahima,Diallo,ibrahima,diallo,IBRAHIMA,DIALLO
570,Islam Slimani,Islam,Slimani,islam,slimani,ISLAM,SLIMANI
571,Joachim Andersen,Joachim,Andersen,joachim,andersen,JOACHIM,ANDERSEN
572,Karlan Grant,Karlan,Grant,karlan,grant,KARLAN,GRANT
573,Michael Verrips,Michael,Verrips,michael,verrips,MICHAEL,VERRIPS
574,Nathaniel Clyne,Nathaniel,Clyne,nathaniel,clyne,NATHANIEL,CLYNE
575,Owen Otasowie,Owen,Otasowie,owen,otasowie,OWEN,OTASOWIE
576,Raphael Dias Belloli,Raphael,Dias,raphael,dias,RAPHAEL,DIAS
577,Rayan Ait Nouri,Rayan,Ait,rayan,ait,RAYAN,AIT
578,Robin Olsen,Robin,Olsen,robin,olsen,ROBIN,OLSEN
579,Stephen Henderson,Stephen,Henderson,stephen,henderson,STEPHEN,HENDERSON
580,Thomas Partey,Thomas,Partey,thomas,partey,THOMAS,PARTEY
581,Tosin Adarabioyo,Tosin,Adarabioyo,tosin,adarabioyo,TOSIN,ADARABIOYO
582,Will Norris,Will,Norris,will,norris,WILL,NORRIS
583,Danny Welbeck,Danny,Welbeck,danny,welbeck,DANNY,WELBECK
584,Nathaniel Phillips,Nathaniel,Phillips,nathaniel,phillips,NATHANIEL,PHILLIPS
585,Jack Butland,Jack,Butland,jack,butland,JACK,BUTLAND
586,Terence Kongolo,Terence,Kongolo,terence,kongolo,TERENCE,KONGOLO
587,Joe Rodon,Joe,Rodon,joe,rodon,JOE,RODON
588,Daniel N'Lundulu,Daniel,N'Lundulu,daniel,n'lundulu,DANIEL,N'LUNDULU
589,Saïd Benrahma,Saïd,Benrahma,saïd,benrahma,SAÏD,BENRAHMA
